sku,fill_rate
P004,0.4152542372881356
P006,0.40053763440860213
P002,0.34574468085106386
P007,0.31965174129353235
P003,0.27586206896551724
P008,0.24662162162162163
P001,0.18846153846153846
P005,0.18382352941176472
