carrier,otif
Delhivery,0.8297872340425532
BlueDart,0.76
XpressBees,0.6410256410256411
EcomExpress,0.6206896551724138
